{"mus_s": [[-0.6321069598197937, -0.13817289471626282, -0.13672474026679993, -0.14096494019031525, -0.2659064829349518, 0.026164451614022255, -0.0017402133671566844, -0.061742931604385376, -0.1712849736213684, -0.06023131683468819, -0.10523416101932526, -0.4516180753707886, -0.0035795141011476517, -0.001994749531149864, -0.04939918592572212, -0.3620971441268921, 0.1483582854270935, -0.21668082475662231, 0.9375059008598328, 0.12127479910850525, -0.04455351084470749, -0.11525702476501465, -0.4760546386241913, 0.11683543026447296, -0.33540216088294983, 0.23664027452468872, -0.0217497106641531, 0.029300611466169357, -0.35727614164352417, -0.15866754949092865, 0.1202988475561142, -0.5320485830307007, 0.19117455184459686, -0.028572287410497665, -0.4048309326171875, -0.42695528268814087, 0.11296560615301132, 0.47304853796958923, 0.16098304092884064, -0.15130099654197693, 0.28833550214767456, -0.21008211374282837, 0.0033770264126360416, 0.2574290931224823, -0.16508732736110687, -0.5418959856033325, 0.3391166031360626, 0.37192028760910034, 0.025805462151765823, 0.3262944519519806, 0.21286319196224213, -0.5010157227516174, -0.05481281131505966, -0.22560860216617584, 0.2643408179283142, -0.030669264495372772, 0.017275875434279442, -0.041830986738204956, 0.5724941492080688, 0.09667786955833435, 0.008226089179515839, -0.49977976083755493, 0.32186371088027954, 0.21376937627792358]], "vars_s": [[0.6475144028663635, 0.8085612058639526, 0.8178870677947998, 0.8409909009933472, 0.9308526515960693, 0.834782063961029, 0.7191493511199951, 0.6960738897323608, 0.8328289985656738, 0.6289612650871277, 0.9972096085548401, 0.9158132076263428, 0.756075382232666, 0.794181227684021, 0.7700340747833252, 0.8571658730506897, 0.7785389423370361, 0.6806710958480835, 25.946189880371094, 0.9933379888534546, 0.727044939994812, 0.8231207132339478, 0.7534170746803284, 0.8433693051338196, 0.6598255038261414, 0.7280099987983704, 0.7859424352645874, 0.8540524244308472, 1.0704667568206787, 0.96800297498703, 0.9885678291320801, 1.057644248008728, 0.7433880567550659, 0.6852566003799438, 0.8887293934822083, 0.8859857320785522, 0.7784035801887512, 0.7740559577941895, 0.7572994828224182, 0.8657696843147278, 1.0889205932617188, 0.8221495747566223, 0.7607547044754028, 0.8248887062072754, 0.7842558026313782, 1.0255727767944336, 0.880179762840271, 0.7422157526016235, 0.8235465884208679, 0.9323146343231201, 33.510196685791016, 9.005661964416504, 0.8841442465782166, 0.841386079788208, 0.7979710698127747, 0.6268520951271057, 0.8378217816352844, 0.8149141073226929, 0.9230505228042603, 0.6336660981178284, 0.7960938811302185, 0.7465113401412964, 0.8815615773200989, 0.7576768398284912]]}