{"train_history_nmi": [0.7071113930177276, 0.4078268801404075, 0.32393661897022225, 0.6102202347771005, 0.3249020671445652, 0.4238146183368152, 0.5793209444704364, 0.3384321246925879, 0.5635054378599497, 0.48786099501357766, 0.4987875522973693, 0.6679916283714292, 0.5091953569183487, 0.4072164576657486, 0.600650256337556, 0.44589128898356173, 0.5986871206006542, 0.7056665809602325, 0.6620816686115188, 0.5615327281831757, 0.38635583637811344, 0.4938214766222244, 0.35010942134228745, 0.49960668120236906, 0.45574226667911544, 0.3937952481960515, 0.410124735425337, 0.41814014409018796, 0.3443524912052126, 0.3813653096159322, 0.35283094996833475, 0.4029911839518415, 0.38141660867994326, 0.4199016555699616, 0.44749088234741863, 0.34972125787193, 0.3772442542798105, 0.46580674269400535, 0.3605572571297754, 0.3999441895089992, 0.46936657373817775, 0.3982689059558068, 0.3830220130095185, 0.41750531899305815, 0.37272749431702307, 0.3869022491041756, 0.3623567969625275, 0.3960932299469533, 0.38295933618525685, 0.40277075421155983, 0.41579603597864284, 0.3971075102591288, 0.37523018462610175, 0.361724836352658, 0.39307867415926584, 0.45229674406938436, 0.4585419929300301, 0.3371171347593176, 0.45775817219614773, 0.33160615705553986, 0.4189156501437368, 0.3834813281267229, 0.3884365211127437, 0.3434588392536802, 0.38340905149134485, 0.46911915340521304, 0.3768321750009286, 0.4554943085552699, 0.44001640764308225, 0.3969817586483418, 0.3944313133190421, 0.3741352979746092, 0.45530787230717507, 0.3667528634035687, 0.5273132517497935, 0.4843355196867866, 0.40849087589133765, 0.40596438304354826, 0.4588621294815796, 0.5198459451123594, 0.42349601390183883, 0.39554893942252933, 0.4189184511772296, 0.37346629920359936, 0.36517368748543827, 0.39083881330396525, 0.4195088351012666, 0.4350096455578001, 0.44898179515224124, 0.3561192292520954, 0.44021303086795904, 0.4437862743248305, 0.3825310736402185, 0.4246019182613861, 0.39409305550816054, 0.4302018812009281, 0.5379490865089485, 0.4107152036062324, 0.45290169686680004, 0.3736042742191822], "val_history_nmi": [1.3883299395305597, 0.3749908607837788, 1.223769774409144, 2.9646148740942087, 3.9276967480198732, 1.0808212868124476, 3.142353108789167, 2.258070381368526, 2.3893040016011358, 4.142080933535517, 4.350166321683583, 2.610190221353938, 3.7662304842112393, 3.5943302251809186, 2.5208150496862447, 2.8568631710739862, 4.317489745578781, 3.9830409108836213, 4.988716267828802, 5.094953350382055, 4.713220409718088, 4.616985791194349, 4.574347395097851, 5.6537142156122515, 5.818669051083698, 4.2311525665941, 6.110325098172289, 3.642027575031539, 5.079946889710105, 4.787465539524584, 3.6719899595099115, 4.068438009965973, 4.579313390958458, 4.306881348758505, 4.333257545703952, 4.86288178242118, 4.158914752524534, 4.1984008433241184, 4.485872965257512, 3.6667493870060066, 4.073471254547506, 3.8492013232267164, 3.722229184438941, 3.983252977136667, 3.94227441269335, 3.8463496443219705, 3.742131294735422, 4.5956283083495855, 4.56330122764966, 3.825549965013275, 4.915156452738485, 4.140913761515223, 5.276385182743744, 4.703652406393317, 4.810171980012706, 3.8570817170287, 3.343564822165839, 4.419665230761355, 4.01573612688059, 4.177487035423889, 3.7956959954573435, 4.313734991181822, 4.580193206842139, 4.046763897687298, 6.142994678976858, 5.198531712010701, 3.838281189438972, 5.393995543988324, 5.159216936641458, 5.684187751426563, 5.7513352808962015, 4.96902868775412, 4.690973177163421, 4.205379610814271, 4.3819067090605825, 4.934862052181965, 4.713059332342852, 4.12920267153161, 4.326845008544902, 4.106292198212952, 4.92892414617818, 5.107737085196305, 4.582026980793228, 5.369962190057946, 4.6713593584105855, 4.618541162461671, 4.873689453550755, 4.592261733509194, 5.724469609633929, 4.425088234326031, 4.235602693744469, 4.769621456335361, 5.077950539790408, 4.943603611754321, 4.913199312242074, 4.339759625596403, 5.035455016733181, 5.758105798946605, 5.3459487710839095, 4.8393213847718854], "train_history_acc": [14.785831960461286, 14.41515650741351, 14.126853377265238, 14.662273476112025, 14.209225700164746, 13.87973640856672, 14.497528830313014, 14.044481054365734, 14.497528830313014, 15.074135090609555, 14.909390444810544, 15.238879736408567, 15.074135090609555, 14.70345963756178, 15.032948929159803, 14.991762767710048, 14.785831960461286, 15.074135090609555, 15.28006589785832, 15.444810543657331, 14.538714991762768, 14.744645799011533, 14.827018121911037, 14.868204283360791, 14.991762767710048, 14.662273476112025, 14.950576606260297, 14.909390444810544, 14.827018121911037, 14.41515650741351, 14.579901153212521, 15.115321252059308, 14.827018121911037, 14.827018121911037, 14.827018121911037, 14.538714991762768, 14.827018121911037, 14.950576606260297, 14.41515650741351, 14.950576606260297, 15.15650741350906, 14.827018121911037, 14.744645799011533, 14.785831960461286, 14.909390444810544, 14.70345963756178, 14.991762767710048, 14.827018121911037, 14.70345963756178, 14.991762767710048, 14.744645799011533, 14.950576606260297, 14.827018121911037, 14.744645799011533, 15.032948929159803, 15.074135090609555, 15.197693574958816, 14.950576606260297, 15.197693574958816, 14.744645799011533, 14.909390444810544, 14.827018121911037, 14.827018121911037, 14.785831960461286, 15.115321252059308, 15.197693574958816, 15.074135090609555, 14.950576606260297, 15.197693574958816, 15.032948929159803, 14.827018121911037, 14.579901153212521, 15.28006589785832, 14.991762767710048, 15.403624382207578, 15.485996705107082, 14.991762767710048, 15.362438220757827, 15.28006589785832, 15.56836902800659, 15.238879736408567, 15.197693574958816, 14.950576606260297, 15.074135090609555, 14.991762767710048, 15.197693574958816, 15.074135090609555, 15.197693574958816, 15.362438220757827, 15.032948929159803, 15.28006589785832, 14.991762767710048, 14.950576606260297, 15.28006589785832, 15.032948929159803, 15.032948929159803, 15.362438220757827, 15.115321252059308, 15.444810543657331, 14.868204283360791], "val_history_acc": [14.814814814814813, 15.185185185185185, 15.925925925925927, 17.77777777777778, 18.88888888888889, 15.555555555555555, 17.77777777777778, 19.62962962962963, 18.51851851851852, 20.0, 19.25925925925926, 19.25925925925926, 20.0, 18.51851851851852, 18.14814814814815, 19.25925925925926, 20.0, 19.25925925925926, 19.62962962962963, 19.25925925925926, 20.37037037037037, 19.25925925925926, 20.74074074074074, 20.74074074074074, 20.0, 18.88888888888889, 20.0, 18.14814814814815, 20.0, 19.62962962962963, 18.88888888888889, 18.88888888888889, 19.62962962962963, 18.88888888888889, 19.62962962962963, 19.62962962962963, 18.88888888888889, 19.25925925925926, 19.25925925925926, 18.88888888888889, 19.25925925925926, 18.88888888888889, 18.51851851851852, 18.51851851851852, 18.51851851851852, 18.14814814814815, 18.14814814814815, 19.25925925925926, 19.25925925925926, 18.51851851851852, 18.88888888888889, 19.25925925925926, 19.25925925925926, 18.88888888888889, 18.51851851851852, 18.51851851851852, 18.88888888888889, 18.88888888888889, 18.14814814814815, 19.25925925925926, 18.88888888888889, 18.51851851851852, 18.14814814814815, 18.51851851851852, 19.25925925925926, 18.51851851851852, 18.51851851851852, 19.25925925925926, 20.0, 19.25925925925926, 20.0, 20.37037037037037, 19.25925925925926, 19.25925925925926, 18.14814814814815, 19.25925925925926, 19.25925925925926, 18.51851851851852, 18.51851851851852, 18.51851851851852, 20.37037037037037, 19.25925925925926, 20.0, 19.25925925925926, 19.62962962962963, 20.37037037037037, 20.0, 19.62962962962963, 19.62962962962963, 18.88888888888889, 18.51851851851852, 20.0, 19.62962962962963, 20.0, 20.0, 19.25925925925926, 20.0, 20.74074074074074, 20.0, 20.0]}