{"train_total_losses": [504.1287199321546, 232.72756717079565, 229.42204726369758, 228.71627004523026, 225.79834747314453, 220.3468117964895, 217.84995390239516, 216.94909627814042, 214.58962570993523, 212.1550501773232, 210.96156913355776, 209.32241620515524, 205.94807112844367, 203.08831024169922, 201.62859304327714, 199.52926475123354, 197.18634876451995, 196.9237927888569, 195.55078887939453, 194.79306150737563, 194.15317896792763, 193.20325349506578, 192.19710460462068, 190.71281593724302, 188.80493404990747, 188.4114142970035, 188.221764413934, 187.2845105622944, 186.14823672645971, 185.48236927233245, 183.78532289203844, 182.48523832622328, 181.31074845163445, 179.41453471936677, 178.68435387862357, 176.53635165565893, 174.83982005872224, 174.48270416259766, 172.88625416002776, 171.82739739668997, 170.50195834511206, 169.37964027806333, 167.91931473581414, 167.24209996273643, 166.18545251143607, 165.34196191085013, 165.30366596422698, 162.9070647390265, 161.32690108449836, 160.83868649131372, 159.6412642629523, 158.41505391974198, 157.17761511551706, 156.15500881797388, 155.25326257002982, 153.8237862837942, 152.2635827315481, 151.3142896953382, 150.56514137669615, 149.27940087569388], "train_recon_losses": [491.608498021176, 230.36334870990953, 227.5453210127981, 226.76754640278062, 223.18099212646484, 216.2687036614669, 213.52312228554175, 212.2024981850072, 209.31401343094674, 206.3638422112716, 205.05671410811576, 202.87715711091695, 199.19098743639495, 196.27229108308492, 194.76364015278062, 192.628428007427, 190.88739053826583, 190.66624812075966, 189.35709140175268, 188.40705188951995, 187.84561157226562, 186.78195230584396, 185.26990227950247, 183.06968046489516, 180.94724835847555, 180.36239423249899, 179.92500064247534, 178.82658145302221, 177.32840086284438, 176.84095724005448, 174.67764161762437, 172.96720966539885, 171.20429229736328, 169.172373319927, 168.02221639532792, 165.64120081851357, 163.75227115028784, 163.12670617354544, 161.3800606978567, 160.09171736867805, 158.42210348028885, 157.30632179661802, 155.65476588199013, 154.83317405299135, 153.37408648039164, 152.3335996928968, 152.20864386307565, 149.86550300999693, 147.84103032162315, 147.18257422196237, 145.89806205347963, 144.61428632234274, 142.94630231355367, 141.9344153153269, 140.95648594906456, 139.4909808510228, 137.55064291703073, 136.32983318128083, 135.80226797806588, 133.9471361260665], "train_gauss_losses": [6.260111266060879, 1.18210925867683, 0.9383628650715476, 0.9743623184530359, 1.308678128217396, 2.0390539639874508, 2.163415937047256, 2.373298861478504, 2.637805577955748, 2.895603763429742, 2.952427898582659, 3.2226301180688957, 3.3785409676401237, 3.4080092091309395, 3.4324758492018046, 3.4504183781774422, 3.149479125675402, 3.1287721960168136, 3.09684924075478, 3.1930048277503564, 3.153783540976675, 3.210650375014857, 3.463601539009496, 3.821568100075973, 3.9288434103915564, 4.024510082445647, 4.148382099051225, 4.228964937360663, 4.409917806324206, 4.320706386315195, 4.553840361143413, 4.7590149201844865, 5.053227813620317, 5.121080160140991, 5.331068390294125, 5.447575418572677, 5.543774542055632, 5.677998768655877, 5.753096944407413, 5.867840014005962, 6.039927131251285, 6.036659303464387, 6.132274690427278, 6.204463318774574, 6.405681974009464, 6.504180782719662, 6.547510987833927, 6.520780914708188, 6.742934741471943, 6.828056849931416, 6.871601167478059, 6.900383535184358, 7.1156563005949325, 7.110296701130114, 7.14838867438467, 7.166402967352616, 7.3564710115131575, 7.492227880578292, 7.381436398154811, 7.666133052424381], "valid_total_losses": [239.5441436767578, 231.02918497721353, 231.40975952148438, 229.82503255208334, 222.88874308268228, 220.59830220540366, 219.11338806152344, 220.12744649251303, 213.740234375, 212.5595703125, 215.44152323404947, 211.13660176595053, 209.82284545898438, 207.03004455566406, 208.62590535481772, 203.96681213378906, 201.8182830810547, 205.27643330891928, 200.15708923339844, 204.1755828857422, 201.31541442871094, 198.03626505533853, 199.76007588704428, 199.8260243733724, 196.30543009440103, 197.5613250732422, 195.36769104003906, 195.52084350585938, 195.12462361653647, 196.7383575439453, 194.1985321044922, 192.31380208333334, 190.09379069010416, 192.80559285481772, 189.40587870279947, 186.81461079915366, 187.3108367919922, 190.8827667236328, 184.4166056315104, 185.03895060221353, 184.97010803222656, 184.78111267089844, 182.8249766031901, 183.1119842529297, 182.93880716959634, 179.64962768554688, 183.21224975585938, 181.11376444498697, 177.00376892089844, 177.62183125813803, 179.6916758219401, 177.3290557861328, 177.4745076497396, 178.82793172200522, 182.89727783203125, 178.07681783040366, 174.90292358398438, 177.6563720703125, 172.9312947591146, 175.9259236653646], "valid_recon_losses": [236.87616984049478, 228.8691864013672, 229.58228556315103, 228.05008443196616, 219.53103637695312, 216.78298950195312, 215.13674926757812, 215.54638671875, 208.4643300374349, 206.90554809570312, 208.65122985839844, 204.85541280110678, 203.68038940429688, 201.2935333251953, 202.01231384277344, 197.85641479492188, 196.17414347330728, 199.86305236816406, 194.09770711263022, 198.5041961669922, 195.60191345214844, 192.17697143554688, 192.617431640625, 192.59203084309897, 189.22434997558594, 190.3661855061849, 187.92902119954428, 187.86593119303384, 187.41493225097656, 189.21960957845053, 185.11072285970053, 183.77701314290366, 180.61898803710938, 183.45563252766928, 179.93001302083334, 176.91956075032553, 177.52088928222656, 179.8866221110026, 173.74659220377603, 173.9337158203125, 174.05197143554688, 173.65593973795572, 171.4731241861979, 171.17444864908853, 171.36422729492188, 167.51907857259116, 171.63274637858072, 169.06819661458334, 164.92113749186197, 165.28276570638022, 167.04414876302084, 164.61790466308594, 164.3184611002604, 165.35527547200522, 170.14716593424478, 164.71111551920572, 161.4544932047526, 164.01414489746094, 159.47139485677084, 162.34094746907553], "valid_gauss_losses": [1.3339870770772297, 1.080000360806783, 0.9137351512908936, 0.8874743183453878, 1.6788544257481892, 1.9076567888259888, 1.9883166154225667, 2.2905307610829673, 2.637951930363973, 2.8270130157470703, 3.395146369934082, 3.140594482421875, 3.0712292989095054, 2.8682568868001304, 3.3067948818206787, 3.055198351542155, 2.822071393330892, 2.7066922187805176, 3.0296902656555176, 2.835693041483561, 2.85674786567688, 2.92964760462443, 3.5713237126668296, 3.6169966061909995, 3.5405404567718506, 3.5975701808929443, 3.7193332513173423, 3.8274549643198648, 3.85484512646993, 3.7593730290730796, 4.543906052907308, 4.268393357594808, 4.73740021387736, 4.674981753031413, 4.737931887308757, 4.947526931762695, 4.894973119099935, 5.498071670532227, 5.335007985432942, 5.55261770884196, 5.459066073099772, 5.56258503595988, 5.6759270032246905, 5.968767801920573, 5.787290732065837, 6.065271218617757, 5.789751688639323, 6.022783597310384, 6.041317780812581, 6.1695302327473955, 6.323764483133952, 6.355574607849121, 6.578023910522461, 6.736324787139893, 6.375054359436035, 6.682849407196045, 6.724215984344482, 6.821115334828694, 6.72994867960612, 6.792486667633057]}