{"train_total_losses": [503.73117988987974, 232.6323073537726, 229.60653806987563, 228.5136224847091, 225.4243621826172, 220.25289515445107, 218.1080864354184, 215.61431443063836, 212.86034995631167, 210.32242584228516], "train_recon_losses": [491.7419437609221, 230.46858135022615, 227.70958589252672, 226.51176573100844, 222.48792628238076, 216.2123565673828, 213.6657072368421, 210.63082122802734, 207.3026906063682, 204.78495547645971], "train_gauss_losses": [5.994617415101905, 1.0818624857224917, 0.9484762408231434, 1.0009286450712305, 1.4682176411151886, 2.0202691962844446, 2.2211901074961613, 2.4917464068061426, 2.7788299102532235, 2.7687354276054785], "valid_total_losses": [238.14134979248047, 229.86180114746094, 230.3675079345703, 228.6637191772461, 224.20648193359375, 221.16349029541016, 221.93700408935547, 214.3608856201172, 214.8743133544922, 215.3870391845703], "valid_recon_losses": [235.64521026611328, 227.86888885498047, 228.73834991455078, 226.95230102539062, 220.5820770263672, 217.58267211914062, 217.93737030029297, 209.3788070678711, 210.5508270263672, 210.1274871826172], "valid_gauss_losses": [1.2480696439743042, 0.9964571297168732, 0.8145798444747925, 0.8557098209857941, 1.8122019171714783, 1.790410578250885, 1.9998188018798828, 2.491039276123047, 2.161741316318512, 2.6297764778137207]}