{"train_history_rec": [463.4099349975586, 226.6152014481394, 223.04310045744242, 219.30729594983552, 211.33991321764495, 207.29454883776214, 202.75227596885279, 198.41325940583883, 195.69533257735404, 192.81855733771073, 189.4568493491725, 188.85716689260383, 185.21574482164885, 182.2765434666684, 180.0028220728824, 177.5185546875, 174.30558214689555, 172.43002921656557, 169.02151649876646, 166.45695937307258, 164.5137072111431, 162.40183097437807, 160.9109649658203, 159.1037429006476, 157.3415157920436, 155.2333715338456, 153.7096674065841, 151.85449138440583, 150.79113689221833, 149.14854752390008, 147.96125954075865, 146.87923873098273, 145.11850658215974, 144.49123703806023, 143.65582195081208, 142.84869605616518, 141.32021412096526, 140.97853369461862, 139.64700417769583, 138.44289739508378, 137.2643145511025, 136.77553478040193, 135.68930696186266, 134.35846168116518, 133.61397311561987, 132.60395371286492, 132.16680165341026, 131.09188180220755, 130.147744831286, 128.92894624408922, 127.92361149035003, 127.08478445755809, 126.12118349577251, 124.64098358154297, 123.82094092118113, 123.00229905780994, 121.76983983893143, 121.66024519267835, 120.25805342824836, 119.56936143573962, 118.0962566576506, 118.14724008660568, 118.2309136641653, 116.34363234670539, 114.64426120958831, 114.727397115607, 113.18567235846268, 112.65228552567332, 111.87647709093596, 111.09543890702098, 110.41298113371197, 109.5450035898309, 108.40246361180355, 108.29581913195159, 107.85490056088096, 106.80890976755242, 105.33862485383686, 104.3940493935033, 104.23889601858039, 102.8861417268452, 102.71160045423005, 101.76723339683132, 100.81481692665501, 99.49236859773335, 99.0008659362793, 98.65399912783974, 97.76226063778526, 97.4315091183311, 95.64442283228824, 94.7491370753238, 94.54927705463611, 93.73221467670642, 93.88254667583264, 93.6360879195364, 91.74291108783923, 91.36860174881785, 91.0240767629523, 90.19567991557874, 89.1893240276136, 88.9563990141216], "valid_history_rec": [236.68305206298828, 230.0641098022461, 225.43841552734375, 217.70001983642578, 210.31981658935547, 203.78423309326172, 198.73052978515625, 209.1576919555664, 202.95201873779297, 198.1898422241211, 200.13841247558594, 193.53319549560547, 190.92015838623047, 191.2445526123047, 182.59281158447266, 184.92599487304688, 182.3780517578125, 179.38509368896484, 182.77953338623047, 174.73607635498047, 173.4894027709961, 174.44776153564453, 167.02251434326172, 168.0986099243164, 165.8319549560547, 164.09333038330078, 165.44418334960938, 162.51427459716797, 161.85384368896484, 163.66339111328125, 163.43360137939453, 160.79469299316406, 155.802490234375, 160.0120086669922, 153.86884307861328, 153.79049682617188, 154.45018768310547, 155.11424255371094, 155.83265686035156, 150.42430877685547, 154.94060516357422, 155.2318878173828, 153.75384521484375, 150.95468139648438, 148.77784729003906, 144.45294189453125, 151.93408966064453, 150.69659423828125, 151.85665130615234, 142.72543334960938, 148.3191680908203, 147.28777313232422, 147.56267547607422, 146.74612426757812, 139.45895385742188, 145.63394927978516, 145.50431060791016, 143.55985260009766, 144.92127990722656, 146.38048553466797, 139.83970642089844, 142.59344482421875, 145.84461212158203, 145.69003295898438, 147.2079620361328, 141.22602081298828, 144.19951629638672, 140.9203872680664, 138.26970672607422, 146.53331756591797, 144.20124053955078, 141.86396026611328, 144.17477416992188, 140.0481185913086, 141.96592712402344, 146.73025512695312, 140.13423919677734, 142.73959350585938, 142.47772979736328, 143.68451690673828, 141.94398498535156, 139.41476440429688, 141.45338439941406, 138.81505584716797, 144.16211700439453, 142.61061096191406, 149.07807159423828, 139.65428161621094, 138.04764556884766, 144.12662506103516, 146.79849243164062, 140.8615951538086, 141.4298858642578, 140.0583267211914, 143.16229248046875, 144.4687271118164, 147.90530395507812, 147.9729461669922, 149.84127044677734, 147.86748504638672]}