{"train_history_rec": [458.3299026489258, 227.13692032663445, 222.87579988178453, 218.81833488062807, 211.3932278281764, 207.10426370721115, 203.1572578831723, 201.36863306949013, 196.790487590589, 194.2058045236688, 191.5766416850843, 189.2120421560187, 186.05576485081724, 183.03916931152344, 180.66032530132094, 178.5230218987716, 177.3508441322728, 174.56634079782586, 172.24215336849815, 169.13258883827612, 167.47787274812399, 165.94968574925474, 164.22457524349815, 163.1412168803968, 161.812754179302, 161.10653284976357, 160.18676838121917, 159.40798267565276, 157.55798299689042, 155.95266482704565, 155.40282440185547, 153.81036979273745, 152.33944180137232, 150.8791375411184, 149.64270059685958, 148.306598261783, 147.8333868729441, 145.6748261702688, 144.98781304610404, 144.00755470677427, 142.91354209498354, 141.44332925896896, 140.696012597335, 139.84624762284128, 139.3391069111071, 137.74481964111328, 136.4418332953202, 136.01018624556693, 134.56237732736687, 133.69645570453844, 133.17778155678198, 131.7645368074116, 131.52942175614206, 130.65961898000617, 129.17835054899516, 130.2474818982576, 127.81059746993215, 126.89795283267372, 124.85829463757966, 124.24819404200504, 123.11208504124691, 122.22475031802529, 121.41750215229236, 119.76166755274723, 120.22514764886154, 119.28608583149158, 117.62148726613898, 116.38358989514802, 115.8063177811472, 115.21196485820569, 113.19538096377724, 112.95275437204461, 111.45227653101871, 111.08180638363487, 110.74363869114926, 109.49603331716438, 108.72369886699475, 107.98965855648643, 107.47543515657124, 107.05846063714279, 105.64648618196186, 104.36355691207082, 103.88714539377312, 103.73404994763825, 102.16609593441612, 102.52828216552734, 101.59875327662418, 101.07195924457751, 100.43458235891242, 99.1483786733527, 98.76892250462582, 97.65061870374177, 96.69119865015934, 95.54695008930408, 95.95137284931384, 95.46611143413342, 94.28106990613435, 93.1892160114489, 93.45499098928352, 92.12698685495477], "valid_history_rec": [243.32886505126953, 228.79466247558594, 229.2198715209961, 220.7460479736328, 212.5886993408203, 208.74000549316406, 201.47280883789062, 200.81452178955078, 203.75481414794922, 196.4487762451172, 197.00418090820312, 191.73397064208984, 187.9553985595703, 188.65444946289062, 188.11540985107422, 186.0717010498047, 181.46376037597656, 182.11465454101562, 185.33870697021484, 182.44993591308594, 181.83685302734375, 176.5694580078125, 174.10800170898438, 176.85083770751953, 173.35938262939453, 174.5840606689453, 173.4114990234375, 167.6152114868164, 167.0041961669922, 165.97442626953125, 168.50146484375, 167.1977081298828, 165.88069915771484, 164.03250122070312, 163.21280670166016, 163.7834014892578, 157.60265350341797, 158.4429473876953, 159.41158294677734, 157.85888671875, 154.55277252197266, 156.40696716308594, 154.1316375732422, 154.68804931640625, 157.8115234375, 156.3328857421875, 154.06661987304688, 150.3382568359375, 149.68234252929688, 153.93891143798828, 149.31520080566406, 145.81165313720703, 154.032958984375, 146.3729019165039, 148.45476531982422, 152.28376007080078, 148.35012817382812, 147.09960174560547, 150.31279754638672, 146.56775665283203, 145.54059600830078, 148.5918731689453, 144.58968353271484, 144.63404083251953, 147.2407684326172, 147.7255096435547, 143.3670883178711, 142.8578643798828, 136.7650146484375, 145.45936584472656, 140.72039794921875, 143.76419830322266, 148.57496643066406, 141.6185073852539, 142.48727416992188, 142.38945770263672, 148.0129165649414, 143.27375030517578, 143.3591766357422, 149.02408599853516, 145.7676010131836, 145.2288360595703, 149.2777862548828, 144.02667999267578, 144.13021087646484, 144.16588592529297, 142.47379302978516, 147.45034790039062, 144.66138458251953, 150.61637115478516, 151.12848663330078, 140.5321044921875, 148.18429565429688, 143.47723388671875, 152.35092163085938, 141.58602142333984, 148.92961883544922, 145.51345825195312, 144.93335723876953, 149.34544372558594], "valid_history_gau": [0.41961653530597687, 1.4509937167167664, 1.9527353644371033, 1.6742687225341797, 2.8937606811523438, 2.5426928997039795, 2.862142324447632, 2.4695215225219727, 2.718045175075531, 2.695065975189209, 2.608326554298401, 2.6489752531051636, 2.999385714530945, 2.9043556451797485, 3.0371577739715576, 3.2805585861206055, 3.8655693531036377, 3.6505714654922485, 3.5776721239089966, 3.551998019218445, 3.934562921524048, 4.087848782539368, 3.6537628173828125, 4.251178979873657, 4.00843620300293, 4.224414110183716, 4.170040845870972, 3.8072580099105835, 3.939766049385071, 3.864954352378845, 4.434679269790649, 4.4762022495269775, 4.5504467487335205, 4.599661111831665, 5.298771142959595, 4.8057897090911865, 5.07950234413147, 4.681747913360596, 4.8599231243133545, 4.993811845779419, 4.981019973754883, 4.806713342666626, 5.3964269161224365, 5.441382646560669, 4.9541239738464355, 4.85517692565918, 5.3974456787109375, 5.493178129196167, 5.776524305343628, 5.287445068359375, 5.45078182220459, 5.6186089515686035, 5.343447685241699, 5.092743396759033, 5.778863191604614, 6.324046611785889, 6.055291414260864, 5.909905195236206, 5.9894163608551025, 6.208459138870239, 5.97895359992981, 6.001863718032837, 6.327202558517456, 6.215648412704468, 5.99087119102478, 6.397358179092407, 6.335776329040527, 6.568989515304565, 5.9919819831848145, 6.52290940284729, 6.170900344848633, 6.514036178588867, 6.237595796585083, 6.628710985183716, 6.676865816116333, 6.495634317398071, 6.010427474975586, 6.613936185836792, 6.526180982589722, 6.736249208450317, 6.385309934616089, 6.458954095840454, 7.1980743408203125, 6.614886999130249, 6.9116387367248535, 6.489680290222168, 6.998056173324585, 6.9422173500061035, 6.991183042526245, 6.988388776779175, 6.8053247928619385, 6.785602569580078, 6.976566791534424, 6.787936210632324, 7.535238742828369, 6.791500806808472, 7.38275146484375, 7.265973806381226, 6.908252716064453, 7.48098611831665]}