{"train_history_rec": [449.2873703806024, 225.4419627942537, 221.41066420705695, 213.88072164435135, 209.06995351690995, 204.95876794112357, 201.8670196533203, 197.98124895597758, 195.39128755268297, 191.9025774504009, 189.23069923802427, 187.21053555137232, 184.56594527395148, 181.96142939517372, 179.9998735126696, 176.7529935334858, 173.87970211631372, 170.37241885536596, 167.87702901739823, 165.56724869577508, 162.44908864874589, 159.48841295744242, 157.55670567562706, 155.37021355879935, 153.26247968171774, 151.19926131399055, 149.26984566136412, 148.53005459434107, 146.8793367084704, 145.81724990041633, 144.50946085076583, 143.3050348382247, 141.60488650673315, 141.0239032946135, 139.6891312850149, 138.78998906988846, 137.890034525018, 136.75299815127724, 135.4068798265959, 135.74300043206466, 134.0356061835038, 134.33973131681742, 133.16732185765318, 131.93773791664526, 130.55996704101562, 129.6154122603567, 128.63862629940635, 127.5732371681615, 126.98896126998098, 125.82301932887027, 125.25650104723479, 124.2504001416658, 123.68677340055767, 122.49498748779297, 121.6926404049522, 120.95372350592362, 120.46844984355725, 119.31004975971423, 119.07818041349712, 118.85891101234837, 117.882416373805, 116.73334583483245, 116.28022264179431, 115.0265894438091, 113.71908970883018, 113.02446867290296, 111.67807528847142, 110.94497018111379, 110.32317151521382, 109.16905754490902, 108.69863048352693, 108.37644034937809, 107.29088733070775, 106.09616229408665, 104.80957593415913, 104.18306230243884, 103.2377297250848, 102.12136439273232, 101.66692653455232, 100.45432823582699, 100.24780494288395, 98.96288721184982, 99.32663244950145, 97.84736954538445, 96.82066264905427, 95.98397264982525, 96.67882718537983, 96.11633361013313, 93.60939527812756, 93.36798256321957, 92.33278234381424, 92.12724826210423, 91.10108586361534, 90.59804213674445, 89.48680656834652, 88.92951463398181, 88.15805134020354, 87.89119459453381, 87.10058553595292, 86.16845161036441], "valid_history_rec": [236.13519287109375, 222.8868408203125, 216.94132232666016, 216.6236343383789, 212.10073852539062, 212.98422241210938, 202.6212615966797, 202.0508575439453, 195.6268081665039, 191.30590057373047, 190.31173706054688, 191.63059997558594, 188.51061248779297, 180.44341278076172, 182.97366333007812, 179.47562408447266, 181.68323516845703, 176.93756866455078, 176.06268310546875, 176.96952056884766, 169.64288330078125, 170.77814483642578, 164.97212982177734, 170.13895416259766, 166.97174072265625, 163.23358154296875, 160.5593490600586, 164.44388580322266, 161.46612548828125, 157.3403549194336, 156.94100952148438, 157.24695587158203, 155.06623077392578, 157.7436294555664, 156.60346221923828, 162.19916534423828, 152.68245697021484, 150.2151107788086, 157.95049285888672, 153.36361694335938, 148.64755249023438, 154.4608383178711, 147.74261474609375, 152.12700653076172, 147.68538665771484, 149.10538482666016, 149.70928192138672, 150.0870590209961, 147.7924041748047, 145.5265121459961, 139.95507049560547, 146.8145294189453, 144.52239227294922, 147.9327163696289, 145.4645538330078, 146.1769027709961, 143.7696990966797, 146.93780517578125, 146.42658233642578, 146.2547149658203, 138.44159317016602, 142.84192657470703, 143.70818328857422, 142.65354919433594, 144.64724731445312, 142.4515609741211, 143.6188201904297, 138.82440948486328, 145.58759307861328, 145.5964126586914, 143.65846252441406, 140.73052215576172, 140.66978454589844, 142.5699234008789, 141.22989654541016, 140.57477569580078, 141.63619995117188, 140.00416564941406, 141.1034164428711, 141.26819610595703, 135.97591018676758, 147.24159240722656, 141.83321380615234, 138.9261245727539, 140.6509780883789, 142.8088836669922, 144.6405792236328, 138.1869354248047, 142.3494873046875, 145.45580291748047, 144.17729949951172, 142.59980010986328, 145.97136688232422, 146.9423828125, 149.8058319091797, 146.06444549560547, 145.41030883789062, 147.35486602783203, 139.62516021728516, 146.18756103515625]}