{"train_history_rec": [464.603291561729, 226.6953169170179, 222.68182212428042, 215.9228724429482, 209.01112606650904, 204.34339141845703, 199.92451035348992, 196.76242748059724, 195.19046582673727, 192.0519292731034, 189.3286401849044, 187.66100752981086, 185.22820803993628, 182.92494884290193, 180.43570709228516, 177.79642526726974, 174.7744369506836, 172.72030438874899, 170.07005671450966, 168.82411474930612, 166.1669737163343, 164.28269155401932, 162.75059950979133, 161.42459507992393, 159.37813046104029, 158.11338725842927, 156.5356903076172, 154.97736358642578, 154.00191738730982, 152.16612002724096, 151.18256378173828, 148.7981081510845, 147.63550326698706, 146.62364819175318, 145.3624412135074, 144.04455526251542, 142.94001007080078, 142.29225640547904, 141.57753874126234, 140.58877924868935, 139.20549212004008, 136.91895033183852, 136.23523431075247, 135.61197401347914, 133.72053146362305, 133.33439234683388, 132.52076118870787, 130.66517297845138, 130.86448428505346, 130.64209546540914, 128.68568621183695, 127.23491568314402, 126.38169660066303, 125.5213872006065, 124.64152366236637, 123.72149116114566, 122.43191528320312, 121.4291104768452, 120.89221713417454, 119.45214562667043, 118.6882374412135, 117.55872686285721, 116.58360491300884, 115.96579200343082, 114.90216506154914, 113.9050427487022, 113.27516053852283, 112.17475349024723, 112.02867487857216, 110.44053669979698, 109.25596779271176, 108.60984360544305, 107.82796819586503, 107.20611030177066, 105.9784254776804, 105.25208603708367, 103.9022620351691, 103.43694988049958, 102.94136529219777, 102.19733027407997, 100.70683649966591, 99.7178033527575, 99.74957978098016, 98.71163739656147, 98.1513890718159, 97.81898337916324, 96.41945728502776, 95.75291804263466, 94.84403911389802, 94.22227538259406, 93.23581956562244, 93.44191460860402, 92.42110884817023, 91.48715792204204, 91.19228644120066, 90.36110165244655, 89.74117680599815, 89.69759910985043, 89.51138165122585, 88.34417684454667], "valid_history_rec": [240.34178161621094, 225.9793472290039, 227.13990020751953, 219.3841323852539, 209.0029525756836, 204.4878158569336, 205.2847671508789, 198.9575424194336, 195.87619018554688, 193.20282745361328, 192.55484008789062, 201.64553833007812, 185.8000717163086, 191.00172424316406, 186.5268783569336, 187.11792755126953, 176.0415802001953, 183.63959503173828, 178.57273864746094, 179.60275268554688, 178.0128936767578, 176.93540954589844, 173.01895141601562, 173.2750701904297, 174.35478973388672, 171.62185668945312, 171.54541015625, 173.05116271972656, 168.25267028808594, 165.92305755615234, 162.03713989257812, 162.69524383544922, 161.2583465576172, 165.6690673828125, 161.6660614013672, 158.8612823486328, 157.33839416503906, 157.4309844970703, 163.95877838134766, 154.05492401123047, 153.4470443725586, 158.0252227783203, 155.43727111816406, 153.91822814941406, 152.69197845458984, 154.7800750732422, 152.14178466796875, 158.83231353759766, 150.3376235961914, 147.58206176757812, 146.49032592773438, 153.13301849365234, 146.05200958251953, 143.96556854248047, 144.9585418701172, 144.25247955322266, 144.6671371459961, 147.3821792602539, 144.18104553222656, 147.6679458618164, 150.49449920654297, 151.08375549316406, 144.0672378540039, 138.82060623168945, 147.57299041748047, 146.93274688720703, 143.18938446044922, 143.48141479492188, 142.3104248046875, 146.16519927978516, 139.11976623535156, 137.76055908203125, 144.21041107177734, 145.55310821533203, 150.44657135009766, 142.29398345947266, 140.85042572021484, 144.74144744873047, 144.2611083984375, 145.88898468017578, 146.2646484375, 147.73373413085938, 143.29302978515625, 141.62442779541016, 146.20773315429688, 144.03561401367188, 145.50973510742188, 146.17955780029297, 147.60191345214844, 149.4270782470703, 147.98184204101562, 150.3173370361328, 151.6550064086914, 145.01903533935547, 144.77513122558594, 145.1524658203125, 146.70252227783203, 155.41262817382812, 146.32854461669922, 151.25900268554688], "valid_history_gau": [0.6072839647531509, 1.4692935943603516, 1.9511370658874512, 1.8420324921607971, 2.4666213989257812, 2.5383561849594116, 1.8834595084190369, 1.8279208540916443, 1.9995281100273132, 2.5657237768173218, 2.6090688705444336, 2.8045376539230347, 2.3419686555862427, 2.588327646255493, 2.724716067314148, 2.3479617834091187, 2.9261670112609863, 2.835795760154724, 3.250188946723938, 3.2160686254501343, 3.2731549739837646, 3.5576906204223633, 3.552587866783142, 3.640087604522705, 4.206150531768799, 3.4097589254379272, 3.3633432388305664, 3.8875033855438232, 3.9108002185821533, 3.8510936498641968, 4.315448522567749, 4.185906410217285, 4.5680320262908936, 4.6857733726501465, 4.238538503646851, 4.711130857467651, 4.602849960327148, 5.064727544784546, 4.99880051612854, 5.332154750823975, 5.275677919387817, 5.671327829360962, 5.3871846199035645, 5.828795671463013, 5.372345209121704, 5.679610252380371, 5.375773906707764, 6.0138328075408936, 5.880268812179565, 5.5420777797698975, 6.333887338638306, 6.085186004638672, 6.13604474067688, 6.33796501159668, 6.45453405380249, 6.064528226852417, 6.539463996887207, 6.5706422328948975, 6.534555673599243, 6.581139326095581, 6.8978753089904785, 6.934184551239014, 6.901747226715088, 6.9627203941345215, 7.1503565311431885, 6.671520233154297, 7.188509464263916, 7.046558618545532, 7.332887411117554, 6.9799323081970215, 7.115837812423706, 7.86856746673584, 7.396385431289673, 7.133669853210449, 7.310144901275635, 7.322674036026001, 7.3822386264801025, 7.4010467529296875, 7.323059558868408, 7.54338002204895, 7.577906847000122, 7.649683237075806, 8.01052975654602, 7.592475652694702, 7.686078071594238, 8.089090347290039, 7.993802070617676, 7.958698034286499, 8.06851840019226, 7.7577965259552, 7.782965898513794, 8.063212633132935, 8.599777698516846, 8.615885734558105, 8.404821872711182, 8.072819709777832, 8.750786304473877, 8.175955295562744, 8.73318338394165, 8.569642066955566]}